{
    "node_1": {
        "f1": 0.1317365269461078,
        "precision": 1.0,
        "recall": 0.07051282051282051,
        "threshold": 0.01806911739642151
    },
    "node_2": {
        "f1": 0.0,
        "precision": 0.0,
        "recall": 0.0,
        "threshold": 0.01806911739642151
    },
    "node_3": {
        "f1": 0.06340057636887608,
        "precision": 1.0,
        "recall": 0.03273809523809524,
        "threshold": 0.01806911739642151
    },
    "node_4": {
        "f1": 0.17391304347826086,
        "precision": 0.7333333333333333,
        "recall": 0.09865470852017937,
        "threshold": 0.01806911739642151
    },
    "node_5": {
        "f1": 0.0,
        "precision": 0.0,
        "recall": 0.0,
        "threshold": 0.01806911739642151
    }
}