{
    "node_1": {
        "f1": 0.16470588235294117,
        "precision": 1.0,
        "recall": 0.08974358974358974,
        "threshold": 0.017882392748618085
    },
    "node_2": {
        "f1": 0.0,
        "precision": 0.0,
        "recall": 0.0,
        "threshold": 0.017882392748618085
    },
    "node_3": {
        "f1": 0.09631728045325778,
        "precision": 1.0,
        "recall": 0.050595238095238096,
        "threshold": 0.017882392748618085
    },
    "node_4": {
        "f1": 0.1523046092184369,
        "precision": 0.7169811320754716,
        "recall": 0.08520179372197309,
        "threshold": 0.017882392748618085
    },
    "node_5": {
        "f1": 0.0,
        "precision": 0.0,
        "recall": 0.0,
        "threshold": 0.017882392748618085
    }
}